458;2022-11-09 12:09:22;73;0;0;339;332;404;0;1;ok
459;2022-11-09 12:09:30;73;0;0;336;332;405;0;1;ok
460;2022-11-09 12:09:32;73;0;0;336;333;405;0;1;ok
461;2022-11-09 12:10:58;73;0;0;336;332;403;0;1;ok
462;2022-11-09 12:11:01;73;0;0;336;331;403;0;1;ok
463;2022-11-09 12:11:04;73;0;0;336;332;403;0;1;ok
464;2022-11-09 12:11:07;73;0;0;336;332;403;0;1;ok
465;2022-11-09 12:11:09;73;0;0;336;332;403;0;1;ok
466;2022-11-09 12:11:12;73;0;0;336;332;403;0;1;ok
467;2022-11-09 12:11:15;73;0;0;336;333;404;0;1;ok
468;2022-11-09 12:11:17;73;0;0;335;332;403;1;1;ok
469;2022-11-09 12:11:21;73;0;0;335;332;403;2;1;ok
470;2022-11-09 12:11:26;73;0;0;335;331;404;3;1;ok
471;2022-11-09 12:11:29;73;0;0;335;332;403;4;1;ok
472;2022-11-09 12:11:33;73;0;0;335;331;404;5;1;ok
473;2022-11-09 12:11:35;73;0;0;336;332;404;5;1;ok
474;2022-11-09 12:11:38;73;0;0;335;332;403;7;1;ok
475;2022-11-09 12:11:40;73;0;0;335;332;404;7;1;ok
476;2022-11-09 12:11:43;73;0;0;335;332;404;7;1;ok
477;2022-11-09 12:11:46;73;0;0;336;332;403;7;1;ok
478;2022-11-09 12:11:49;73;0;0;336;333;404;7;1;ok
479;2022-11-09 12:11:51;73;0;0;335;333;403;8;1;ok
480;2022-11-09 12:11:53;73;0;0;335;331;404;9;1;ok
481;2022-11-09 12:11:56;73;0;0;335;331;404;9;1;ok
482;2022-11-09 12:11:59;73;0;0;335;332;403;9;1;ok
531;2022-11-09 12:17:51;73;0;0;336;332;403;9;1;ok
532;2022-11-09 12:17:53;73;0;0;338;330;401;0;1;ok
533;2022-11-09 12:17:56;73;0;0;337;331;404;1;1;ok
534;2022-11-09 12:17:58;73;0;0;338;331;404;3;1;ok
535;2022-11-09 12:18:01;73;0;0;338;331;404;5;1;ok
536;2022-11-09 12:18:04;73;0;0;338;331;404;5;1;ok
537;2022-11-09 12:18:06;73;0;0;338;331;404;6;1;ok
538;2022-11-09 12:18:09;73;0;0;337;331;404;6;1;ok
539;2022-11-09 12:18:11;73;0;0;338;331;403;7;1;ok
540;2022-11-09 12:18:13;73;0;0;338;331;403;8;1;ok
541;2022-11-09 12:18:16;73;0;0;338;330;403;9;1;ok
542;2022-11-09 12:18:18;73;0;0;338;331;404;10;1;ok
543;2022-11-09 12:18:20;73;0;0;338;330;404;12;1;ok
547;2022-11-09 12:18:43;73;0;0;338;330;402;13;1;ok
8205;2022-11-14 15:37:28;73;0;0;336;335;403;0;1;ok
8206;2022-11-14 15:37:31;73;0;0;338;333;404;1;1;ok
8207;2022-11-14 15:37:33;73;0;0;338;334;403;2;1;ok
8208;2022-11-14 15:37:35;73;0;0;336;334;403;3;1;ok
8209;2022-11-14 15:37:38;73;0;0;337;333;403;4;1;ok
8210;2022-11-14 15:37:40;73;0;0;337;334;403;5;1;ok
8211;2022-11-14 15:37:42;73;0;0;337;334;402;7;1;ok
8212;2022-11-14 15:37:45;73;0;0;336;333;403;8;1;ok
8213;2022-11-14 15:37:53;73;0;0;338;333;404;9;1;ok
8214;2022-11-14 15:37:56;73;0;0;337;334;403;0;1;ok
8215;2022-11-14 15:37:58;73;0;0;336;333;403;1;1;ok
8216;2022-11-14 15:38:00;73;0;0;338;334;402;2;1;ok
8217;2022-11-14 15:38:03;73;0;0;338;333;403;3;1;ok
8218;2022-11-14 15:38:05;73;0;0;337;334;404;4;1;ok
8219;2022-11-14 15:38:08;73;0;0;337;334;403;5;1;ok
8220;2022-11-14 15:38:10;73;0;0;338;333;403;7;1;ok
8221;2022-11-14 15:38:13;73;0;0;337;333;402;8;1;ok
8222;2022-11-14 15:38:15;73;0;0;337;334;402;9;1;ok
8223;2022-11-14 15:38:18;73;0;0;338;333;402;10;1;ok
8224;2022-11-14 15:38:20;73;0;0;338;334;404;10;1;ok
8225;2022-11-14 15:38:22;73;0;0;338;334;403;11;1;ok
8226;2022-11-14 15:38:25;73;0;0;337;334;404;12;1;ok
8227;2022-11-14 15:38:27;73;0;0;338;334;403;13;1;ok
8228;2022-11-14 15:38:30;73;0;0;338;334;403;14;1;ok
8229;2022-11-14 15:38:32;73;0;0;337;334;403;15;1;ok
8230;2022-11-14 15:38:34;73;0;0;338;334;403;16;1;ok
8231;2022-11-14 15:38:37;73;0;0;338;333;403;17;1;ok
8232;2022-11-14 15:38:39;73;0;0;338;334;403;19;1;ok
8233;2022-11-14 15:38:42;73;0;0;338;334;403;20;1;ok
8234;2022-11-14 15:38:44;73;0;0;337;333;403;21;1;ok
8235;2022-11-14 15:38:46;73;0;0;338;334;404;22;1;ok
8236;2022-11-14 15:38:49;73;0;0;338;333;403;23;1;ok
8237;2022-11-14 15:38:51;73;0;0;337;334;404;24;1;ok
8238;2022-11-14 15:38:54;73;0;0;338;334;403;25;1;ok
8239;2022-11-14 15:38:56;73;0;0;338;334;403;26;1;ok
8240;2022-11-14 15:38:58;73;0;0;338;333;403;27;1;ok
8241;2022-11-14 15:39:01;73;0;0;338;334;404;28;1;ok
8242;2022-11-14 15:39:03;73;0;0;338;333;403;29;1;ok
8243;2022-11-14 15:39:06;73;0;0;338;334;404;30;1;ok
8244;2022-11-14 15:39:08;73;0;0;339;334;403;31;1;ok
8245;2022-11-14 15:39:10;73;0;0;337;334;404;31;1;ok
8246;2022-11-14 15:39:13;73;0;0;338;333;403;32;1;ok
8247;2022-11-14 15:39:15;73;0;0;338;334;404;33;1;ok
8248;2022-11-14 15:39:18;73;0;0;338;334;404;33;1;ok
8249;2022-11-14 15:39:20;73;0;0;338;333;403;34;1;ok
8250;2022-11-14 15:39:23;73;0;0;337;334;404;35;1;ok
8251;2022-11-14 15:39:25;73;0;0;338;334;404;36;1;ok
8252;2022-11-14 15:39:28;73;0;0;339;333;403;36;1;ok
8253;2022-11-14 15:39:30;73;0;0;338;334;404;37;1;ok
8254;2022-11-14 15:39:32;73;0;0;338;333;403;38;1;ok
8255;2022-11-14 15:39:35;73;0;0;338;334;404;39;1;ok
8256;2022-11-14 15:39:37;73;0;0;338;333;404;40;1;ok
8257;2022-11-14 15:39:39;73;0;0;338;334;403;41;1;ok
8258;2022-11-14 15:39:42;73;0;0;337;334;404;42;1;ok
8259;2022-11-14 15:39:44;73;0;0;338;334;403;43;1;ok
8260;2022-11-14 15:39:46;73;0;0;338;334;404;44;1;ok
8261;2022-11-14 15:39:49;73;0;0;338;334;404;45;1;ok
8262;2022-11-14 15:39:52;73;0;0;339;333;403;46;1;ok
8263;2022-11-14 15:39:54;73;0;0;339;334;403;47;1;ok
8264;2022-11-14 15:39:57;73;0;0;339;333;404;48;1;ok
8265;2022-11-14 15:39:59;73;0;0;337;333;404;49;1;ok
8266;2022-11-14 15:40:01;73;0;0;339;334;403;50;1;ok
8267;2022-11-14 15:40:04;73;0;0;339;334;403;51;1;ok
8268;2022-11-14 15:40:06;73;0;0;338;333;404;52;1;ok
8269;2022-11-14 15:40:09;73;0;0;338;333;404;54;1;ok
8270;2022-11-14 15:40:11;73;0;0;338;333;404;55;1;ok
8271;2022-11-14 15:40:14;73;0;0;337;334;403;56;1;ok
8272;2022-11-14 15:40:16;73;0;0;339;333;403;57;1;ok
8273;2022-11-14 15:40:19;73;0;0;337;334;404;57;1;ok
8274;2022-11-14 15:40:21;73;0;0;337;334;404;58;1;ok
8275;2022-11-14 15:40:23;73;0;0;338;334;404;59;1;ok
8276;2022-11-14 15:40:26;73;0;0;339;334;403;60;1;ok
8277;2022-11-14 15:40:28;73;0;0;338;334;404;61;1;ok
8278;2022-11-14 15:40:30;73;0;0;338;333;403;62;1;ok
8279;2022-11-14 15:40:33;73;0;0;339;333;404;63;1;ok
8280;2022-11-14 15:40:35;73;0;0;339;334;403;64;1;ok
8281;2022-11-14 15:40:38;73;0;0;338;334;404;65;1;ok
8282;2022-11-14 15:40:40;73;0;0;338;334;403;66;1;ok
8283;2022-11-14 15:40:42;73;0;0;338;334;402;67;1;ok
8284;2022-11-14 15:40:45;73;0;0;338;334;404;68;1;ok
8285;2022-11-14 15:40:47;73;0;0;339;333;403;69;1;ok
8286;2022-11-14 15:40:49;73;0;0;337;334;404;70;1;ok
8287;2022-11-14 15:40:52;73;0;0;338;334;403;71;1;ok
8288;2022-11-14 15:40:54;73;0;0;339;334;403;72;1;ok
8289;2022-11-14 15:40:56;73;0;0;339;335;403;73;1;ok
8290;2022-11-14 15:40:59;73;0;0;338;333;403;74;1;ok
8291;2022-11-14 15:41:01;73;0;0;338;334;403;75;1;ok
8292;2022-11-14 15:41:03;73;0;0;338;333;404;76;1;ok
8293;2022-11-14 15:41:06;73;0;0;339;333;403;77;1;ok
8294;2022-11-14 15:41:08;73;0;0;339;334;403;78;1;ok
8295;2022-11-14 15:41:11;73;0;0;338;334;404;79;1;ok
8296;2022-11-14 15:41:13;73;0;0;338;335;402;80;1;ok
8297;2022-11-14 15:41:16;73;0;0;338;334;404;81;1;ok
8298;2022-11-14 15:41:18;73;0;0;339;334;403;81;1;ok
8299;2022-11-14 15:41:20;73;0;0;338;334;404;82;1;ok
8300;2022-11-14 15:41:23;73;0;0;337;335;404;83;1;ok
8301;2022-11-14 15:41:25;73;0;0;338;334;403;84;1;ok
8302;2022-11-14 15:41:27;73;0;0;339;334;403;85;1;ok
8303;2022-11-14 15:41:30;73;0;0;339;334;403;86;1;ok
8304;2022-11-14 15:41:32;73;0;0;338;334;404;87;1;ok
8305;2022-11-14 15:41:34;73;0;0;339;334;403;88;1;ok
8306;2022-11-14 15:41:37;73;0;0;339;334;403;89;1;ok
8307;2022-11-14 15:41:40;73;0;0;339;334;403;89;1;ok
8308;2022-11-14 15:41:42;73;0;0;339;334;404;90;1;ok
8309;2022-11-14 15:41:44;73;0;0;339;333;403;91;1;ok
8310;2022-11-14 15:41:47;73;0;0;338;334;404;92;1;ok
8311;2022-11-14 15:41:49;73;0;0;339;334;403;92;1;ok
8312;2022-11-14 15:41:52;73;0;0;339;334;404;93;1;ok
8313;2022-11-14 15:41:54;73;0;0;338;333;404;94;1;ok
8314;2022-11-14 15:41:57;73;0;0;338;333;403;94;1;ok
8315;2022-11-14 15:41:59;73;0;0;339;333;404;96;1;ok
8316;2022-11-14 15:42:02;73;0;0;338;334;404;97;1;ok
8317;2022-11-14 15:42:05;73;0;0;338;334;403;98;1;ok
8318;2022-11-14 15:42:07;73;0;0;338;334;404;98;1;ok
8319;2022-11-14 15:42:10;73;0;0;338;333;404;99;1;ok
8320;2022-11-14 15:42:13;73;0;0;339;333;404;99;1;ok
8321;2022-11-14 15:43:10;73;0;0;339;333;404;99;1;ok
8322;2022-11-14 15:43:12;73;0;0;327;331;270;0;2;ok
8323;2022-11-14 15:43:14;73;0;0;327;331;271;1;2;ok
8324;2022-11-14 15:43:17;73;0;0;325;331;271;3;2;ok
8325;2022-11-14 15:43:21;73;0;0;326;330;271;4;2;ok
8326;2022-11-14 15:43:23;73;0;0;325;331;272;4;2;ok
8327;2022-11-14 15:43:26;73;0;0;326;330;270;5;2;ok
8328;2022-11-14 15:43:28;73;0;0;325;330;271;6;2;ok
8329;2022-11-14 15:43:31;73;0;0;325;331;271;7;2;ok
8330;2022-11-14 15:43:33;73;0;0;326;330;271;8;2;ok
8331;2022-11-14 15:43:36;73;0;0;325;332;270;9;2;ok
8332;2022-11-14 15:43:38;73;0;0;325;331;271;10;2;ok
8333;2022-11-14 15:43:41;73;0;0;324;331;271;11;2;ok
8334;2022-11-14 15:43:43;73;0;0;325;330;271;12;2;ok
8335;2022-11-14 15:43:45;73;0;0;325;331;271;13;2;ok
8336;2022-11-14 15:43:48;73;0;0;325;331;272;14;2;ok
8337;2022-11-14 15:43:50;73;0;0;325;331;271;15;2;ok
8338;2022-11-14 15:43:52;73;0;0;324;331;272;16;2;ok
8339;2022-11-14 15:43:55;73;0;0;325;331;271;17;2;ok
8340;2022-11-14 15:43:57;73;0;0;325;331;270;18;2;ok
8341;2022-11-14 15:43:59;73;0;0;325;331;272;19;2;ok
8342;2022-11-14 15:44:02;73;0;0;326;331;270;20;2;ok
8343;2022-11-14 15:44:04;73;0;0;325;330;271;21;2;ok
8344;2022-11-14 15:44:07;73;0;0;324;331;271;22;2;ok
8345;2022-11-14 15:44:09;73;0;0;325;330;271;23;2;ok
8346;2022-11-14 15:44:11;73;0;0;324;330;272;24;2;ok
8347;2022-11-14 15:44:14;73;0;0;324;330;271;25;2;ok
8348;2022-11-14 15:44:16;73;0;0;325;331;272;25;2;ok
8349;2022-11-14 15:44:19;73;0;0;325;331;271;26;2;ok
8350;2022-11-14 15:44:21;73;0;0;324;331;272;27;2;ok
8351;2022-11-14 15:44:23;73;0;0;324;331;271;28;2;ok
8352;2022-11-14 15:44:26;73;0;0;325;330;272;29;2;ok
8353;2022-11-14 15:44:28;73;0;0;324;331;272;30;2;ok
8354;2022-11-14 15:44:30;73;0;0;324;331;271;31;2;ok
8355;2022-11-14 15:44:33;73;0;0;325;330;272;32;2;ok
8356;2022-11-14 15:44:35;73;0;0;325;331;272;33;2;ok
8357;2022-11-14 15:44:38;73;0;0;324;331;272;34;2;ok
8358;2022-11-14 15:44:40;73;0;0;324;331;271;35;2;ok
8359;2022-11-14 15:44:43;73;0;0;325;332;271;36;2;ok
8360;2022-11-14 15:44:45;73;0;0;323;331;272;36;2;ok
8361;2022-11-14 15:44:47;73;0;0;324;330;271;38;2;ok
8362;2022-11-14 15:44:52;73;0;0;325;331;271;39;2;ok
8363;2022-11-14 15:44:54;73;0;0;324;330;271;39;2;ok
8364;2022-11-14 15:44:56;73;0;0;324;331;271;40;2;ok
8365;2022-11-14 15:44:59;73;0;0;325;330;272;41;2;ok
8366;2022-11-14 15:45:01;73;0;0;324;331;271;42;2;ok
8367;2022-11-14 15:45:04;73;0;0;325;330;271;43;2;ok
8368;2022-11-14 15:45:06;73;0;0;324;331;272;43;2;ok
8369;2022-11-14 15:45:08;73;0;0;325;330;272;44;2;ok
8370;2022-11-14 15:45:11;73;0;0;323;331;271;45;2;ok
8371;2022-11-14 15:45:13;73;0;0;324;331;272;46;2;ok
8372;2022-11-14 15:45:15;73;0;0;324;331;270;47;2;ok
8373;2022-11-14 15:45:18;73;0;0;324;331;271;48;2;ok
8374;2022-11-14 15:45:20;73;0;0;325;330;271;49;2;ok
8375;2022-11-14 15:45:23;73;0;0;324;331;271;50;2;ok
8376;2022-11-14 15:45:25;73;0;0;323;331;272;50;2;ok
8377;2022-11-14 15:45:28;73;0;0;325;332;271;51;2;ok
8378;2022-11-14 15:45:30;73;0;0;324;330;272;52;2;ok
8379;2022-11-14 15:45:32;73;0;0;324;331;272;53;2;ok
8380;2022-11-14 15:45:35;73;0;0;323;330;271;54;2;ok
8381;2022-11-14 15:45:37;73;0;0;324;332;271;55;2;ok
8382;2022-11-14 15:45:40;73;0;0;324;330;271;56;2;ok
8383;2022-11-14 15:45:42;73;0;0;323;332;271;56;2;ok
8384;2022-11-14 15:45:44;73;0;0;324;331;272;57;2;ok
8385;2022-11-14 15:45:47;73;0;0;323;331;271;58;2;ok
8386;2022-11-14 15:45:49;73;0;0;323;331;272;59;2;ok
8387;2022-11-14 15:45:52;73;0;0;323;330;272;60;2;ok
8388;2022-11-14 15:45:54;73;0;0;324;331;272;61;2;ok
8389;2022-11-14 15:45:56;73;0;0;323;331;270;62;2;ok
8390;2022-11-14 15:45:59;73;0;0;323;331;272;63;2;ok
8391;2022-11-14 15:46:01;73;0;0;324;331;272;64;2;ok
8392;2022-11-14 15:46:03;73;0;0;324;330;271;65;2;ok
8393;2022-11-14 15:46:06;73;0;0;323;331;272;66;2;ok
8394;2022-11-14 15:46:08;73;0;0;324;330;272;67;2;ok
8395;2022-11-14 15:46:10;73;0;0;323;331;272;68;2;ok
8396;2022-11-14 15:46:13;73;0;0;324;331;272;69;2;ok
8397;2022-11-14 15:46:15;73;0;0;323;331;272;70;2;ok
8398;2022-11-14 15:46:17;73;0;0;324;332;270;71;2;ok
8399;2022-11-14 15:46:20;73;0;0;324;330;272;72;2;ok
8400;2022-11-14 15:46:22;73;0;0;323;331;272;73;2;ok
8401;2022-11-14 15:46:25;73;0;0;323;331;272;74;2;ok
8402;2022-11-14 15:46:27;73;0;0;324;330;272;75;2;ok
8403;2022-11-14 15:46:29;73;0;0;324;331;272;76;2;ok
8404;2022-11-14 15:46:32;73;0;0;324;331;272;77;2;ok
8405;2022-11-14 15:46:34;73;0;0;324;332;272;77;2;ok
8406;2022-11-14 15:46:37;73;0;0;323;331;272;78;2;ok
8407;2022-11-14 15:46:39;73;0;0;324;331;272;79;2;ok
8408;2022-11-14 15:46:41;73;0;0;323;330;273;80;2;ok
8409;2022-11-14 15:46:44;73;0;0;323;331;272;81;2;ok
8410;2022-11-14 15:46:46;73;0;0;324;331;272;82;2;ok
8411;2022-11-14 15:46:48;73;0;0;324;330;271;83;2;ok
8412;2022-11-14 15:46:51;73;0;0;324;330;271;84;2;ok
8413;2022-11-14 15:46:53;73;0;0;323;332;272;85;2;ok
8414;2022-11-14 15:46:56;73;0;0;324;331;271;86;2;ok
8415;2022-11-14 15:46:58;73;0;0;323;331;272;87;2;ok
8416;2022-11-14 15:47:00;73;0;0;324;330;272;88;2;ok
8417;2022-11-14 15:47:03;73;0;0;334;329;271;90;2;ok
8418;2022-11-14 15:47:05;73;0;0;333;329;270;91;2;ok
8419;2022-11-14 15:47:08;73;0;0;333;330;270;92;2;ok
8420;2022-11-14 15:47:10;73;0;0;332;329;271;93;2;ok
8421;2022-11-14 15:47:12;73;0;0;333;330;270;94;2;ok
8422;2022-11-14 15:47:15;73;0;0;333;329;270;95;2;ok
8423;2022-11-14 15:47:17;73;0;0;332;329;269;96;2;ok
8424;2022-11-14 15:47:20;73;0;0;333;330;270;97;2;ok
8425;2022-11-14 15:47:22;73;0;0;331;330;270;98;2;ok
8426;2022-11-14 15:49:27;73;0;0;332;330;270;99;2;ok
8427;2022-11-14 15:49:29;73;0;0;335;398;336;0;3;ok
8428;2022-11-14 15:49:32;73;0;0;334;399;337;1;3;ok
8429;2022-11-14 15:49:34;73;0;0;335;398;336;2;3;ok
8430;2022-11-14 15:49:36;73;0;0;334;398;337;3;3;ok
8431;2022-11-14 15:49:39;73;0;0;335;397;336;4;3;ok
8432;2022-11-14 15:49:41;73;0;0;334;400;336;4;3;ok
8433;2022-11-14 15:49:44;73;0;0;334;398;336;5;3;ok
8434;2022-11-14 15:49:46;73;0;0;334;399;336;6;3;ok
8435;2022-11-14 15:49:49;73;0;0;333;398;335;7;3;ok
8436;2022-11-14 15:49:52;73;0;0;333;399;336;7;3;ok
8437;2022-11-14 15:49:54;73;0;0;335;398;336;7;3;ok
8438;2022-11-14 15:49:56;73;0;0;333;399;335;8;3;ok
8439;2022-11-14 15:49:59;73;0;0;334;399;336;9;3;ok
8440;2022-11-14 15:50:01;73;0;0;334;397;337;10;3;ok
8441;2022-11-14 15:50:03;73;0;0;334;398;335;11;3;ok
8442;2022-11-14 15:50:06;73;0;0;334;399;336;13;3;ok
8443;2022-11-14 15:50:09;73;0;0;335;398;336;14;3;ok
8444;2022-11-14 15:50:11;73;0;0;335;398;336;15;3;ok
8445;2022-11-14 15:50:13;73;0;0;335;399;335;16;3;ok
8446;2022-11-14 15:50:16;73;0;0;334;398;336;17;3;ok
8447;2022-11-14 15:50:18;73;0;0;334;399;336;18;3;ok
8448;2022-11-14 15:50:21;73;0;0;335;398;336;18;3;ok
8449;2022-11-14 15:50:23;73;0;0;334;399;336;19;3;ok
8450;2022-11-14 15:50:25;73;0;0;334;398;336;20;3;ok
8451;2022-11-14 15:50:28;73;0;0;334;399;336;21;3;ok
8452;2022-11-14 15:50:30;73;0;0;335;399;335;22;3;ok
8453;2022-11-14 15:50:32;73;0;0;334;399;335;23;3;ok
8454;2022-11-14 15:50:35;73;0;0;335;398;335;25;3;ok
8455;2022-11-14 15:50:38;73;0;0;334;400;335;26;3;ok
8456;2022-11-14 15:50:40;73;0;0;334;399;336;27;3;ok
8457;2022-11-14 15:50:42;73;0;0;335;399;336;28;3;ok
8458;2022-11-14 15:50:45;73;0;0;335;399;336;29;3;ok
8459;2022-11-14 15:50:47;73;0;0;335;399;335;30;3;ok
8460;2022-11-14 15:50:49;73;0;0;335;399;335;31;3;ok
8461;2022-11-14 15:50:52;73;0;0;335;399;335;32;3;ok
8462;2022-11-14 15:50:54;73;0;0;334;399;336;33;3;ok
8463;2022-11-14 15:50:56;73;0;0;335;399;336;34;3;ok
8464;2022-11-14 15:50:59;73;0;0;334;399;336;35;3;ok
8465;2022-11-14 15:51:01;73;0;0;334;399;336;36;3;ok
8466;2022-11-14 15:51:04;73;0;0;335;399;336;37;3;ok
8467;2022-11-14 15:51:06;73;0;0;334;399;336;38;3;ok
8468;2022-11-14 15:51:08;73;0;0;334;399;336;39;3;ok
8469;2022-11-14 15:51:11;73;0;0;334;398;336;40;3;ok
8470;2022-11-14 15:51:13;73;0;0;334;399;336;41;3;ok
8471;2022-11-14 15:51:15;73;0;0;334;399;336;42;3;ok
8472;2022-11-14 15:51:18;73;0;0;335;398;335;43;3;ok
8473;2022-11-14 15:51:20;73;0;0;335;399;335;44;3;ok
8474;2022-11-14 15:51:22;73;0;0;335;399;335;46;3;ok
8475;2022-11-14 15:51:25;73;0;0;334;399;336;48;3;ok
8476;2022-11-14 15:51:28;73;0;0;335;399;335;49;3;ok
8477;2022-11-14 15:51:30;73;0;0;335;399;336;50;3;ok
8478;2022-11-14 15:51:33;73;0;0;334;398;336;51;3;ok
8479;2022-11-14 15:51:35;73;0;0;335;398;335;52;3;ok
8480;2022-11-14 15:51:37;73;0;0;334;400;336;53;3;ok
8481;2022-11-14 15:51:40;73;0;0;335;398;335;54;3;ok
8482;2022-11-14 15:51:42;73;0;0;338;399;337;55;3;ok
8483;2022-11-14 15:51:44;73;0;0;340;398;336;56;3;ok
8484;2022-11-14 15:51:47;73;0;0;343;398;336;57;3;ok
8485;2022-11-14 15:51:49;73;0;0;339;400;336;57;3;ok
8486;2022-11-14 15:51:52;73;0;0;335;399;336;58;3;ok
8487;2022-11-14 15:51:54;73;0;0;335;399;336;59;3;ok
8488;2022-11-14 15:51:57;73;0;0;335;399;336;60;3;ok
8489;2022-11-14 15:51:59;73;0;0;334;399;336;61;3;ok
8490;2022-11-14 15:52:01;73;0;0;335;399;336;62;3;ok
8491;2022-11-14 15:52:04;73;0;0;334;398;336;63;3;ok
8492;2022-11-14 15:52:06;73;0;0;335;399;336;64;3;ok
8493;2022-11-14 15:52:08;73;0;0;334;399;336;65;3;ok
8494;2022-11-14 15:52:11;73;0;0;334;399;336;66;3;ok
8495;2022-11-14 15:52:13;73;0;0;333;399;336;67;3;ok
8496;2022-11-14 15:52:15;73;0;0;335;399;335;68;3;ok
8497;2022-11-14 15:52:18;73;0;0;334;398;336;69;3;ok
8498;2022-11-14 15:52:20;73;0;0;335;399;335;70;3;ok
8499;2022-11-14 15:52:23;73;0;0;334;399;337;71;3;ok
8500;2022-11-14 15:52:25;73;0;0;334;399;335;71;3;ok
8501;2022-11-14 15:52:28;73;0;0;334;400;337;72;3;ok
8502;2022-11-14 15:52:30;73;0;0;334;399;335;73;3;ok
8503;2022-11-14 15:52:32;73;0;0;335;399;334;74;3;ok
8504;2022-11-14 15:52:35;73;0;0;334;399;336;75;3;ok
8505;2022-11-14 15:52:37;73;0;0;335;399;336;76;3;ok
8506;2022-11-14 15:52:39;73;0;0;335;399;336;77;3;ok
8507;2022-11-14 15:52:42;73;0;0;334;399;335;78;3;ok
8508;2022-11-14 15:52:44;73;0;0;335;399;335;79;3;ok
8509;2022-11-14 15:52:46;73;0;0;334;399;336;80;3;ok
8510;2022-11-14 15:52:49;73;0;0;334;399;335;81;3;ok
8511;2022-11-14 15:52:51;73;0;0;333;399;335;82;3;ok
8512;2022-11-14 15:52:53;73;0;0;335;399;335;83;3;ok
8513;2022-11-14 15:52:56;73;0;0;333;399;335;85;3;ok
8514;2022-11-14 15:52:59;73;0;0;334;399;336;86;3;ok
8515;2022-11-14 15:53:01;73;0;0;334;398;335;87;3;ok
8516;2022-11-14 15:53:04;73;0;0;335;399;335;87;3;ok
8517;2022-11-14 15:53:06;73;0;0;333;399;335;88;3;ok
8518;2022-11-14 15:53:08;73;0;0;334;399;336;89;3;ok
8519;2022-11-14 15:53:11;73;0;0;334;398;336;90;3;ok
8520;2022-11-14 15:53:13;73;0;0;334;399;336;91;3;ok
8521;2022-11-14 15:53:15;73;0;0;335;399;335;92;3;ok
8522;2022-11-14 15:53:18;73;0;0;334;399;336;93;3;ok
8523;2022-11-14 15:53:20;73;0;0;335;399;335;94;3;ok
8524;2022-11-14 15:53:23;73;0;0;335;399;336;95;3;ok
8525;2022-11-14 15:53:25;73;0;0;333;399;336;95;3;ok
8526;2022-11-14 15:53:28;73;0;0;334;398;335;97;3;ok
8527;2022-11-14 15:53:30;73;0;0;334;399;336;98;3;ok
8528;2022-11-14 15:55:40;73;0;0;335;399;336;99;3;ok
8529;2022-11-14 15:55:42;73;0;0;333;263;331;0;4;ok
8530;2022-11-14 15:55:45;73;0;0;333;265;333;1;4;ok
8531;2022-11-14 15:55:47;73;0;0;333;264;331;2;4;ok
8532;2022-11-14 15:55:49;73;0;0;334;264;330;3;4;ok
8533;2022-11-14 15:55:52;73;0;0;334;264;331;4;4;ok
8534;2022-11-14 15:55:54;73;0;0;333;265;332;5;4;ok
8535;2022-11-14 15:55:57;73;0;0;334;265;331;6;4;ok
8536;2022-11-14 15:55:59;73;0;0;333;264;332;7;4;ok
8537;2022-11-14 15:56:01;73;0;0;333;264;332;8;4;ok
8538;2022-11-14 15:56:04;73;0;0;333;265;332;9;4;ok
8539;2022-11-14 15:56:06;73;0;0;333;264;331;10;4;ok
8540;2022-11-14 15:56:09;73;0;0;333;264;332;11;4;ok
8541;2022-11-14 15:56:11;73;0;0;334;264;332;12;4;ok
8542;2022-11-14 15:56:13;73;0;0;333;265;333;13;4;ok
8543;2022-11-14 15:56:15;73;0;0;334;266;332;14;4;ok
8544;2022-11-14 15:56:18;73;0;0;334;264;331;15;4;ok
8545;2022-11-14 15:56:20;73;0;0;333;264;333;16;4;ok
8546;2022-11-14 15:56:23;73;0;0;333;265;332;16;4;ok
8547;2022-11-14 15:56:25;73;0;0;334;265;331;17;4;ok
8548;2022-11-14 15:56:28;73;0;0;334;264;331;18;4;ok
8549;2022-11-14 15:56:30;73;0;0;334;264;332;19;4;ok
8550;2022-11-14 15:56:32;73;0;0;333;265;332;20;4;ok
8551;2022-11-14 15:56:35;73;0;0;333;266;332;21;4;ok
8552;2022-11-14 15:56:37;73;0;0;334;264;332;22;4;ok
8553;2022-11-14 15:56:40;73;0;0;333;265;333;22;4;ok
8554;2022-11-14 15:56:42;73;0;0;334;265;332;23;4;ok
8555;2022-11-14 15:56:44;73;0;0;334;264;332;24;4;ok
8556;2022-11-14 15:56:47;73;0;0;334;264;332;26;4;ok
8557;2022-11-14 15:56:50;73;0;0;333;264;333;27;4;ok
8558;2022-11-14 15:56:52;73;0;0;333;266;332;29;4;ok
8559;2022-11-14 15:56:55;73;0;0;333;265;332;30;4;ok
8560;2022-11-14 15:56:57;73;0;0;335;264;332;31;4;ok
8561;2022-11-14 15:56:59;73;0;0;334;265;332;32;4;ok
8562;2022-11-14 15:57:02;73;0;0;333;265;332;33;4;ok
8563;2022-11-14 15:57:04;73;0;0;334;264;332;34;4;ok
8564;2022-11-14 15:57:06;73;0;0;334;264;331;35;4;ok
8565;2022-11-14 15:57:09;73;0;0;335;264;332;36;4;ok
8566;2022-11-14 15:57:11;73;0;0;334;264;333;37;4;ok
8567;2022-11-14 15:57:13;73;0;0;333;264;333;38;4;ok
8568;2022-11-14 15:57:16;73;0;0;334;264;333;39;4;ok
8569;2022-11-14 15:57:18;73;0;0;335;265;332;40;4;ok
8570;2022-11-14 15:57:21;73;0;0;333;264;334;41;4;ok
8571;2022-11-14 15:57:23;73;0;0;333;265;333;42;4;ok
8572;2022-11-14 15:57:25;73;0;0;334;265;332;43;4;ok
8573;2022-11-14 15:57:28;73;0;0;334;266;332;44;4;ok
8574;2022-11-14 15:57:30;73;0;0;335;264;332;45;4;ok
8575;2022-11-14 15:57:33;73;0;0;333;265;333;46;4;ok
8576;2022-11-14 15:57:35;73;0;0;334;264;333;47;4;ok
8577;2022-11-14 15:57:37;73;0;0;333;264;333;48;4;ok
8578;2022-11-14 15:57:39;73;0;0;333;265;333;49;4;ok
8579;2022-11-14 15:57:42;73;0;0;334;264;332;50;4;ok
8580;2022-11-14 15:57:44;73;0;0;333;265;333;51;4;ok
8581;2022-11-14 15:57:46;73;0;0;334;264;332;52;4;ok
8582;2022-11-14 15:57:49;73;0;0;334;265;332;53;4;ok
8583;2022-11-14 15:57:51;73;0;0;333;264;333;54;4;ok
8584;2022-11-14 15:57:54;73;0;0;335;264;332;56;4;ok
8585;2022-11-14 15:57:56;73;0;0;334;264;333;57;4;ok
8586;2022-11-14 15:57:59;73;0;0;333;265;332;58;4;ok
8587;2022-11-14 15:58:01;73;0;0;333;265;334;59;4;ok
8588;2022-11-14 15:58:03;73;0;0;333;265;333;60;4;ok
8589;2022-11-14 15:58:06;73;0;0;334;265;332;61;4;ok
8590;2022-11-14 15:58:08;73;0;0;334;266;333;62;4;ok
8591;2022-11-14 15:58:11;73;0;0;334;264;332;62;4;ok
8592;2022-11-14 15:58:13;73;0;0;333;265;333;63;4;ok
8593;2022-11-14 15:58:16;73;0;0;333;265;332;64;4;ok
8594;2022-11-14 15:58:18;73;0;0;334;265;333;65;4;ok
8595;2022-11-14 15:58:20;73;0;0;333;265;333;66;4;ok
8596;2022-11-14 15:58:23;73;0;0;335;264;332;67;4;ok
8597;2022-11-14 15:58:25;73;0;0;334;264;333;69;4;ok
8598;2022-11-14 15:58:28;73;0;0;333;265;333;70;4;ok
8599;2022-11-14 15:58:30;73;0;0;333;265;334;71;4;ok
8600;2022-11-14 15:58:32;73;0;0;333;265;334;72;4;ok
8601;2022-11-14 15:58:35;73;0;0;334;264;333;73;4;ok
8602;2022-11-14 15:58:37;73;0;0;334;265;332;74;4;ok
8603;2022-11-14 15:58:40;73;0;0;334;264;333;75;4;ok
8604;2022-11-14 15:58:42;73;0;0;334;264;333;76;4;ok
8605;2022-11-14 15:58:44;73;0;0;334;265;332;77;4;ok
8606;2022-11-14 15:58:47;73;0;0;333;265;334;78;4;ok
8607;2022-11-14 15:58:49;73;0;0;333;265;334;78;4;ok
8608;2022-11-14 15:58:52;73;0;0;335;264;333;79;4;ok
8609;2022-11-14 15:58:54;73;0;0;333;265;332;80;4;ok
8610;2022-11-14 15:58:56;73;0;0;333;265;334;82;4;ok
8611;2022-11-14 15:58:59;73;0;0;333;265;333;83;4;ok
8612;2022-11-14 15:59:02;73;0;0;334;265;332;84;4;ok
8613;2022-11-14 15:59:04;73;0;0;334;265;333;85;4;ok
8614;2022-11-14 15:59:06;73;0;0;335;264;333;86;4;ok
8615;2022-11-14 15:59:09;73;0;0;334;264;332;87;4;ok
8616;2022-11-14 15:59:11;73;0;0;334;264;333;88;4;ok
8617;2022-11-14 15:59:13;73;0;0;333;265;333;89;4;ok
8618;2022-11-14 15:59:16;73;0;0;334;264;332;90;4;ok
8619;2022-11-14 15:59:18;73;0;0;334;264;333;91;4;ok
8620;2022-11-14 15:59:20;73;0;0;334;264;333;92;4;ok
8621;2022-11-14 15:59:23;73;0;0;334;265;333;93;4;ok
8622;2022-11-14 15:59:25;73;0;0;333;265;332;94;4;ok
8623;2022-11-14 15:59:27;73;0;0;334;264;333;95;4;ok
8624;2022-11-14 15:59:30;73;0;0;334;265;333;96;4;ok
8625;2022-11-14 15:59:32;73;0;0;334;264;333;97;4;ok
8626;2022-11-14 15:59:35;73;0;0;333;265;334;98;4;ok
8627;2022-11-14 16:02:02;73;0;0;334;264;333;99;4;ok
8628;2022-11-14 16:02:04;73;0;0;404;330;335;0;5;ok
8629;2022-11-14 16:02:06;73;0;0;403;331;336;2;5;ok
8630;2022-11-14 16:02:09;73;0;0;402;332;335;3;5;ok
8631;2022-11-14 16:02:12;73;0;0;402;332;334;5;5;ok
8632;2022-11-14 16:02:14;73;0;0;403;331;335;7;5;ok
8633;2022-11-14 16:02:17;73;0;0;403;331;335;7;5;ok
8634;2022-11-14 16:02:19;73;0;0;403;332;333;8;5;ok
8635;2022-11-14 16:02:21;73;0;0;402;331;333;9;5;ok
8636;2022-11-14 16:02:24;73;0;0;403;330;335;10;5;ok
8637;2022-11-14 16:02:26;73;0;0;403;332;333;11;5;ok
8638;2022-11-14 16:02:29;73;0;0;403;333;335;13;5;ok
8639;2022-11-14 16:02:33;73;0;0;402;332;335;14;5;ok
8640;2022-11-14 16:02:35;73;0;0;403;332;336;15;5;ok
8641;2022-11-14 16:02:38;73;0;0;404;331;335;16;5;ok
8642;2022-11-14 16:02:40;73;0;0;403;332;335;17;5;ok
8643;2022-11-14 16:02:42;73;0;0;404;332;334;18;5;ok
8644;2022-11-14 16:02:45;73;0;0;403;331;335;19;5;ok
8645;2022-11-14 16:02:48;73;0;0;404;331;335;19;5;ok
8646;2022-11-14 16:02:50;73;0;0;403;332;335;19;5;ok
8647;2022-11-14 16:02:53;73;0;0;404;331;335;20;5;ok
8648;2022-11-14 16:02:55;73;0;0;403;332;335;21;5;ok
8649;2022-11-14 16:02:58;73;0;0;403;332;334;22;5;ok
8650;2022-11-14 16:03:00;73;0;0;404;332;335;22;5;ok
8651;2022-11-14 16:03:02;73;0;0;403;331;335;23;5;ok
8652;2022-11-14 16:03:05;73;0;0;403;331;335;24;5;ok
8653;2022-11-14 16:03:07;73;0;0;403;332;335;25;5;ok
8654;2022-11-14 16:03:09;73;0;0;402;332;335;26;5;ok
8655;2022-11-14 16:03:12;73;0;0;403;331;334;27;5;ok
8656;2022-11-14 16:03:14;73;0;0;403;331;336;28;5;ok
8657;2022-11-14 16:03:17;73;0;0;404;331;335;29;5;ok
8658;2022-11-14 16:03:19;73;0;0;403;331;335;30;5;ok
8659;2022-11-14 16:03:21;73;0;0;403;331;335;31;5;ok
8660;2022-11-14 16:03:24;73;0;0;404;332;335;32;5;ok
8661;2022-11-14 16:03:26;73;0;0;403;332;336;33;5;ok
8662;2022-11-14 16:03:28;73;0;0;404;331;335;34;5;ok
8663;2022-11-14 16:03:31;73;0;0;404;332;334;35;5;ok
8664;2022-11-14 16:03:33;73;0;0;404;332;335;35;5;ok
8665;2022-11-14 16:03:36;73;0;0;403;331;335;36;5;ok
8666;2022-11-14 16:03:38;73;0;0;403;332;335;36;5;ok
8667;2022-11-14 16:03:41;73;0;0;403;332;335;37;5;ok
8668;2022-11-14 16:03:43;73;0;0;403;332;335;38;5;ok
8669;2022-11-14 16:03:46;73;0;0;403;332;336;40;5;ok
8670;2022-11-14 16:03:48;73;0;0;403;332;336;40;5;ok
8671;2022-11-14 16:03:50;73;0;0;404;331;335;41;5;ok
8672;2022-11-14 16:03:53;73;0;0;404;331;335;42;5;ok
8673;2022-11-14 16:03:55;73;0;0;403;331;335;43;5;ok
8674;2022-11-14 16:03:58;73;0;0;404;331;335;43;5;ok
8675;2022-11-14 16:04:00;73;0;0;404;332;335;44;5;ok
8676;2022-11-14 16:04:03;73;0;0;404;331;335;45;5;ok
8677;2022-11-14 16:04:05;73;0;0;403;332;336;46;5;ok
8678;2022-11-14 16:04:07;73;0;0;403;331;335;47;5;ok
8679;2022-11-14 16:04:10;73;0;0;403;331;336;48;5;ok
8680;2022-11-14 16:04:12;73;0;0;403;332;336;49;5;ok
8681;2022-11-14 16:04:14;73;0;0;402;331;336;50;5;ok
8682;2022-11-14 16:04:17;73;0;0;403;332;336;51;5;ok
8683;2022-11-14 16:04:19;73;0;0;403;332;335;52;5;ok
8684;2022-11-14 16:04:21;73;0;0;404;332;336;53;5;ok
8685;2022-11-14 16:04:24;73;0;0;402;331;336;54;5;ok
8686;2022-11-14 16:04:26;73;0;0;403;332;336;54;5;ok
8687;2022-11-14 16:04:29;73;0;0;403;332;335;55;5;ok
8688;2022-11-14 16:04:31;73;0;0;402;333;336;56;5;ok
8689;2022-11-14 16:04:34;73;0;0;403;332;336;57;5;ok
8690;2022-11-14 16:04:36;73;0;0;404;331;336;58;5;ok
8691;2022-11-14 16:04:38;73;0;0;404;332;335;59;5;ok
8692;2022-11-14 16:04:41;73;0;0;403;332;336;60;5;ok
8693;2022-11-14 16:04:43;73;0;0;403;332;336;60;5;ok
8694;2022-11-14 16:04:46;73;0;0;404;332;336;61;5;ok
8695;2022-11-14 16:04:48;73;0;0;403;331;336;62;5;ok
8696;2022-11-14 16:04:50;73;0;0;403;332;336;63;5;ok
8697;2022-11-14 16:04:53;73;0;0;403;332;336;65;5;ok
8698;2022-11-14 16:04:57;73;0;0;403;331;337;66;5;ok
8699;2022-11-14 16:04:59;73;0;0;402;332;336;66;5;ok
8700;2022-11-14 16:05:02;73;0;0;403;332;336;67;5;ok
8701;2022-11-14 16:05:05;73;0;0;403;332;336;68;5;ok
8702;2022-11-14 16:05:07;73;0;0;403;332;337;69;5;ok
8703;2022-11-14 16:05:09;73;0;0;403;333;336;70;5;ok
8704;2022-11-14 16:05:12;73;0;0;403;333;336;71;5;ok
8705;2022-11-14 16:05:14;73;0;0;403;332;336;72;5;ok
8706;2022-11-14 16:05:17;73;0;0;403;332;336;73;5;ok
8707;2022-11-14 16:05:19;73;0;0;404;331;336;74;5;ok
8708;2022-11-14 16:05:21;73;0;0;403;332;336;75;5;ok
8709;2022-11-14 16:05:24;73;0;0;403;332;336;76;5;ok
8710;2022-11-14 16:05:26;73;0;0;403;331;337;77;5;ok
8711;2022-11-14 16:05:28;73;0;0;403;332;336;78;5;ok
8712;2022-11-14 16:05:31;73;0;0;404;331;337;80;5;ok
8713;2022-11-14 16:05:33;73;0;0;403;331;337;81;5;ok
8714;2022-11-14 16:05:36;73;0;0;404;332;336;82;5;ok
8715;2022-11-14 16:05:39;73;0;0;404;332;337;83;5;ok
8716;2022-11-14 16:05:41;73;0;0;403;332;338;84;5;ok
8717;2022-11-14 16:05:44;73;0;0;404;332;338;85;5;ok
8718;2022-11-14 16:05:46;73;0;0;403;332;340;86;5;ok
8719;2022-11-14 16:05:48;73;0;0;403;332;340;88;5;ok
8720;2022-11-14 16:05:51;73;0;0;403;332;340;88;5;ok
8721;2022-11-14 16:05:53;73;0;0;403;331;339;90;5;ok
8722;2022-11-14 16:05:56;73;0;0;403;331;339;91;5;ok
8723;2022-11-14 16:05:58;73;0;0;404;331;339;92;5;ok
8724;2022-11-14 16:06:02;73;0;0;403;331;341;93;5;ok
8725;2022-11-14 16:06:03;73;0;0;403;332;340;94;5;ok
8726;2022-11-14 16:06:05;73;0;0;403;332;340;95;5;ok
8727;2022-11-14 16:06:08;73;0;0;404;331;339;96;5;ok
8728;2022-11-14 16:06:10;73;0;0;403;332;340;97;5;ok
8729;2022-11-14 16:06:12;73;0;0;402;332;338;98;5;ok
8730;2022-11-14 16:06:15;73;0;0;403;331;339;99;5;ok
8731;2022-11-14 16:07:29;73;0;0;403;331;339;99;5;ok
8732;2022-11-14 16:07:32;73;0;0;273;345;343;0;6;ok
8733;2022-11-14 16:07:35;73;0;0;270;345;344;0;6;ok
8734;2022-11-14 16:07:37;73;0;0;272;345;343;0;6;ok
8735;2022-11-14 16:07:40;73;0;0;271;346;344;0;6;ok
8736;2022-11-14 16:07:43;73;0;0;271;345;343;0;6;ok
8737;2022-11-14 16:07:46;73;0;0;271;345;342;0;6;ok
8738;2022-11-14 16:07:48;73;0;0;271;344;343;0;6;ok
8739;2022-11-14 16:07:50;73;0;0;271;343;341;1;6;ok
8740;2022-11-14 16:07:53;73;0;0;271;342;342;2;6;ok
8741;2022-11-14 16:07:55;73;0;0;271;344;341;2;6;ok
8742;2022-11-14 16:07:58;73;0;0;271;343;341;3;6;ok
8743;2022-11-14 16:08:00;73;0;0;270;343;340;4;6;ok
8744;2022-11-14 16:08:03;73;0;0;269;343;340;5;6;ok
8745;2022-11-14 16:08:05;73;0;0;270;343;342;6;6;ok
8746;2022-11-14 16:08:07;73;0;0;270;343;341;7;6;ok
8747;2022-11-14 16:08:10;73;0;0;270;343;341;9;6;ok
8748;2022-11-14 16:08:12;73;0;0;271;343;340;10;6;ok
8749;2022-11-14 16:08:15;73;0;0;271;343;341;11;6;ok
8750;2022-11-14 16:08:17;73;0;0;271;344;341;12;6;ok
8751;2022-11-14 16:08:19;73;0;0;270;344;342;13;6;ok
8752;2022-11-14 16:08:22;73;0;0;270;343;343;14;6;ok
8753;2022-11-14 16:08:24;73;0;0;270;343;342;15;6;ok
8754;2022-11-14 16:08:27;73;0;0;271;344;342;16;6;ok
8755;2022-11-14 16:08:29;73;0;0;271;343;342;17;6;ok
8756;2022-11-14 16:08:31;73;0;0;270;343;343;18;6;ok
8757;2022-11-14 16:08:33;73;0;0;270;344;341;19;6;ok
8758;2022-11-14 16:08:36;73;0;0;271;343;341;20;6;ok
8759;2022-11-14 16:08:38;73;0;0;270;344;342;21;6;ok
8760;2022-11-14 16:08:40;73;0;0;271;343;341;22;6;ok
8761;2022-11-14 16:08:43;73;0;0;271;344;341;23;6;ok
8762;2022-11-14 16:08:45;73;0;0;270;343;342;24;6;ok
8763;2022-11-14 16:08:48;73;0;0;270;344;342;25;6;ok
8764;2022-11-14 16:08:50;73;0;0;271;344;341;26;6;ok
8765;2022-11-14 16:08:52;73;0;0;270;344;341;27;6;ok
8766;2022-11-14 16:08:55;73;0;0;271;344;341;28;6;ok
8767;2022-11-14 16:08:57;73;0;0;271;343;341;30;6;ok
8768;2022-11-14 16:09:00;73;0;0;271;343;342;31;6;ok
8769;2022-11-14 16:09:02;73;0;0;270;343;342;32;6;ok
8770;2022-11-14 16:09:04;73;0;0;270;344;342;33;6;ok
8771;2022-11-14 16:09:07;73;0;0;270;343;343;34;6;ok
8772;2022-11-14 16:09:09;73;0;0;270;344;342;35;6;ok
8773;2022-11-14 16:09:12;73;0;0;271;344;341;36;6;ok
8774;2022-11-14 16:09:14;73;0;0;270;344;342;37;6;ok
8775;2022-11-14 16:09:16;73;0;0;271;344;341;38;6;ok
8776;2022-11-14 16:09:19;73;0;0;270;344;342;39;6;ok
8777;2022-11-14 16:09:21;73;0;0;270;344;341;40;6;ok
8778;2022-11-14 16:09:23;73;0;0;271;343;342;41;6;ok
8779;2022-11-14 16:09:26;73;0;0;271;343;342;42;6;ok
8780;2022-11-14 16:09:28;73;0;0;271;344;341;43;6;ok
8781;2022-11-14 16:09:30;73;0;0;271;343;342;44;6;ok
8782;2022-11-14 16:09:33;73;0;0;271;343;341;45;6;ok
8783;2022-11-14 16:09:35;73;0;0;270;343;342;46;6;ok
8784;2022-11-14 16:09:37;73;0;0;270;344;342;47;6;ok
8785;2022-11-14 16:09:40;73;0;0;270;344;342;48;6;ok
8786;2022-11-14 16:09:43;73;0;0;271;344;341;49;6;ok
8787;2022-11-14 16:09:45;73;0;0;271;343;341;49;6;ok
8788;2022-11-14 16:09:47;73;0;0;271;344;341;50;6;ok
8789;2022-11-14 16:09:50;73;0;0;271;344;341;51;6;ok
8790;2022-11-14 16:09:52;73;0;0;271;343;341;52;6;ok
8791;2022-11-14 16:09:55;73;0;0;271;343;342;53;6;ok
8792;2022-11-14 16:09:57;73;0;0;271;344;341;53;6;ok
8793;2022-11-14 16:09:59;73;0;0;271;344;342;54;6;ok
8794;2022-11-14 16:10:02;73;0;0;271;344;341;55;6;ok
8795;2022-11-14 16:10:04;73;0;0;271;343;341;56;6;ok
8796;2022-11-14 16:10:07;73;0;0;271;344;342;57;6;ok
8797;2022-11-14 16:10:09;73;0;0;271;343;343;57;6;ok
8798;2022-11-14 16:10:12;73;0;0;270;344;342;58;6;ok
8799;2022-11-14 16:10:14;73;0;0;270;343;343;59;6;ok
8800;2022-11-14 16:10:16;73;0;0;270;344;342;60;6;ok
8801;2022-11-14 16:10:19;73;0;0;271;343;342;61;6;ok
8802;2022-11-14 16:10:21;73;0;0;271;344;341;62;6;ok
8803;2022-11-14 16:10:23;73;0;0;271;344;341;63;6;ok
8804;2022-11-14 16:10:26;73;0;0;271;344;341;64;6;ok
8805;2022-11-14 16:10:28;73;0;0;270;343;342;65;6;ok
8806;2022-11-14 16:10:30;73;0;0;271;344;341;66;6;ok
8807;2022-11-14 16:10:33;73;0;0;271;344;342;67;6;ok
8808;2022-11-14 16:10:35;73;0;0;270;344;343;68;6;ok
8809;2022-11-14 16:10:38;73;0;0;270;343;343;68;6;ok
8810;2022-11-14 16:10:40;73;0;0;270;344;342;70;6;ok
8811;2022-11-14 16:10:44;73;0;0;271;344;341;71;6;ok
8812;2022-11-14 16:10:47;73;0;0;270;344;342;71;6;ok
8813;2022-11-14 16:10:49;73;0;0;270;344;342;72;6;ok
8814;2022-11-14 16:10:51;73;0;0;270;344;341;73;6;ok
8815;2022-11-14 16:10:54;73;0;0;270;344;342;74;6;ok
8816;2022-11-14 16:10:56;73;0;0;271;344;341;75;6;ok
8817;2022-11-14 16:10:59;73;0;0;271;342;341;76;6;ok
8818;2022-11-14 16:11:01;73;0;0;271;343;341;77;6;ok
8819;2022-11-14 16:11:03;73;0;0;271;344;342;78;6;ok
8820;2022-11-14 16:11:06;73;0;0;270;343;342;79;6;ok
8821;2022-11-14 16:11:08;73;0;0;271;344;341;81;6;ok
8822;2022-11-14 16:11:11;73;0;0;270;343;343;82;6;ok
8823;2022-11-14 16:11:13;73;0;0;270;343;342;83;6;ok
8824;2022-11-14 16:11:15;73;0;0;270;343;342;84;6;ok
8825;2022-11-14 16:11:18;73;0;0;270;344;341;85;6;ok
8826;2022-11-14 16:11:20;73;0;0;270;343;343;86;6;ok
8827;2022-11-14 16:11:23;73;0;0;270;344;342;87;6;ok
8828;2022-11-14 16:11:25;73;0;0;271;343;343;87;6;ok
8829;2022-11-14 16:11:28;73;0;0;271;343;342;88;6;ok
8830;2022-11-14 16:11:30;73;0;0;271;344;342;89;6;ok
8831;2022-11-14 16:11:32;73;0;0;271;344;341;90;6;ok
8832;2022-11-14 16:11:35;73;0;0;271;344;341;91;6;ok
8833;2022-11-14 16:11:37;73;0;0;270;343;342;92;6;ok
8834;2022-11-14 16:11:39;73;0;0;270;343;343;93;6;ok
8835;2022-11-14 16:11:42;73;0;0;270;344;342;94;6;ok
8836;2022-11-14 16:11:44;73;0;0;270;343;343;95;6;ok
8837;2022-11-14 16:11:46;73;0;0;270;343;343;96;6;ok
8838;2022-11-14 16:11:49;73;0;0;270;343;343;97;6;ok
8839;2022-11-14 16:11:51;73;0;0;271;344;342;99;6;ok

